<!-- Engine Information System for the Cessna 172S -->
<!-- Based on files from Asobo, WorkingTitle and from Cessna & Garmin documents -->
<!-- Requires the WorkingTitle G1000 Mod v0.3.2 or newer -->
<!-- by Christophe Arribat a.k.a. Haddock, Nov. 2020 -->

<WTEngineDisplay>

	<EngineDisplayPage>
        <ID>ENGINE</ID>
		<Title>Engine</Title>
		<Node>EngineDisplay</Node>
	</EngineDisplayPage>
	<EngineDisplayPage>
        <ID>LEAN</ID>
		<Title>Lean</Title>
		<Node>EngineDisplayLean</Node>
        <!--<Button>
            <Text>CYL SLCT</Text>
        </Button>
        <Button>
            <Text>ASSIST</Text>
        </Button>-->
	</EngineDisplayPage>
	<EngineDisplayPage>
        <ID>SYSTEM</ID>
		<Title>System</Title>
		<Node>EngineDisplaySystem</Node>
		<!--<Button>
            <Text>RST FUEL</Text>
        </Button>
        <Button>
            <Text>GAL REM</Text>
        </Button>-->
	</EngineDisplayPage>
	
	<!-- Engine Display -->
	
    <EngineDisplay>
	
		 <Gauge>
			<Type>Circular</Type>
			<ID>Piston_RPMGauge</ID>
			<Style>
				<TextIncrement>10</TextIncrement>
				<ForceTextColor>white</ForceTextColor>
			</Style>
			<Title></Title>
			<Unit>RPM</Unit>
			<Minimum>0</Minimum>
			<Maximum>3000</Maximum>
			<Value>
				<Simvar name="PROP RPM:1" unit="rpm"/>
			</Value>
			<ColorZone>
				<Color>white</Color>
				<Begin>0</Begin>
				<End>3000</End>
			</ColorZone>
			<ColorZone>
				<Color>green</Color>
				<Begin>2100</Begin>
				<End>
					<StateMachine>
						<State id="LowAlt" value="2500">
							<Transition to="MedAlt">
								<Greater>
									<Simvar name="INDICATED ALTITUDE" unit="feet"/>
									<Constant>5000</Constant>
								</Greater>
							</Transition>
						</State>
						<State id="MedAlt" value="2600">
							<Transition to="LowAlt">
								<Lower>
									<Simvar name="INDICATED ALTITUDE" unit="feet"/>
									<Constant>4900</Constant>
								</Lower>
							</Transition>
							<Transition to="HighAlt">
								<Greater>
									<Simvar name="INDICATED ALTITUDE" unit="feet"/>
									<Constant>10000</Constant>
								</Greater>
							</Transition>
						</State>
						<State id="HighAlt" value="2700">
							<Transition to="MedAlt">
								<Lower>
									<Simvar name="INDICATED ALTITUDE" unit="feet"/>
									<Constant>9900</Constant>
								</Lower>
							</Transition>
						</State>
					</StateMachine>
				</End>
			</ColorZone>
			<ColorZone>
				<Color>red</Color>
				<Begin>2700</Begin>
				<End>3000</End>
			</ColorZone>
			<RedBlink>
				<Greater>
					<Simvar name="PROP RPM:1" unit="rpm"/>
					<Constant>2770</Constant>
				</Greater>
			</RedBlink>
		</Gauge>
	  
		<Text>
			<Left fontsize="6"> </Left>
		</Text> 

		<Gauge>
			<Type>Horizontal</Type>
			<ID>Piston_FFlowGauge</ID>
			<Title>FFLOW</Title>
			<Unit>GPH</Unit>
			<Minimum>0</Minimum>
			<Maximum>20</Maximum>
			<Value>
				<Simvar name="ENG FUEL FLOW GPH:1" unit="gallons per hour"/>
			</Value>
			<ColorZone>
				<Color>green</Color>
				<Begin>0</Begin>
				<End>12</End>
			</ColorZone>
			<GraduationLength>2</GraduationLength>
			<GraduationTextLength>20</GraduationTextLength>
		</Gauge>
	  
		<Gauge>
			<Type>Horizontal</Type>
			<ID>Piston_OILPressGauge</ID>
			<Title>OIL PRESS</Title>
			<Unit></Unit>
			<Minimum>0</Minimum>
			<Maximum>120</Maximum>
			<Value>
				<Simvar name="GENERAL ENG OIL PRESSURE:1" unit="psi"/>
			</Value>
			<ColorZone>
				<Color>red</Color>
				<Begin>0</Begin>
				<End>20</End>
			</ColorZone>
			<ColorZone>
				<Color>green</Color>
				<Begin>50</Begin>
				<End>90</End>
			</ColorZone>
			<ColorZone>
				<Color>red</Color>
				<Begin>115</Begin>
				<End>120</End>
			</ColorZone>
			<BeginText></BeginText>
			<EndText></EndText>
			<RedBlink>
				<Or>
					<Greater>
						<Simvar name="GENERAL ENG OIL PRESSURE:1" unit="psi"/>
						<Constant>115</Constant>
					</Greater>
					<Lower>
						<Simvar name="GENERAL ENG OIL PRESSURE:1" unit="psi"/>
						<Constant>20</Constant>
					</Lower>
				</Or>
			</RedBlink>
		</Gauge>
	  
		<Gauge>
			<Type>Horizontal</Type>
			<ID>Piston_OILTempGauge</ID>
			<Title>OIL TEMP</Title>
			<Unit></Unit>
			<Minimum>75</Minimum>
			<Maximum>250</Maximum>
			<Value>
				<Simvar name="GENERAL ENG OIL TEMPERATURE:1" unit="farenheit"/>
			</Value>
			<ColorZone>
				<Color>green</Color>
				<Begin>100</Begin>
				<End>245</End>
			</ColorZone>
			<ColorZone>
				<Color>red</Color>
				<Begin>245</Begin>
				<End>250</End>
			</ColorZone>
			<BeginText></BeginText>
			<EndText></EndText>
			<RedBlink>
				<Greater>
					<Simvar name="GENERAL ENG OIL TEMPERATURE:1" unit="farenheit"/>
					<Constant>245</Constant>
				</Greater>
			</RedBlink>
		</Gauge>
	  
		<Gauge>
			<Type>Horizontal</Type>
			<ID>Piston_EgtGauge</ID>
			<Title>EGT</Title>
			<Unit></Unit>
			<Minimum>1250</Minimum>
			<Maximum>1650</Maximum>
			<Value>
				<Simvar name="GENERAL ENG EXHAUST GAS TEMPERATURE:1" unit="farenheit"/>
			</Value>
			<GraduationLength>50</GraduationLength>
			<BeginText></BeginText>
			<EndText></EndText>
			<CursorText>1</CursorText>
		</Gauge>
	  
		<Gauge>
			<Type>Horizontal</Type>
			<ID>Piston_VacGauge</ID>
			<Title>VAC</Title>
			<Unit></Unit>
			<Minimum>3</Minimum>
			<Maximum>7</Maximum>
			<Value>
				<Simvar name="SUCTION PRESSURE" unit="inch of mercury"/>
			</Value>
			<ColorZone>
				<Color>green</Color>
				<Begin>4.5</Begin>
				<End>5.5</End>
			</ColorZone>
			<BeginText></BeginText>
			<EndText></EndText>
		</Gauge>
	  
		<Gauge>
			<Type>DoubleHorizontal</Type>
			<ID>Piston_FUELGauge</ID>
			<Title>FUEL QTY</Title>
			<Unit>GAL</Unit>
			<CursorText>R</CursorText>
			<CursorText2>L</CursorText2>
			<Minimum>0</Minimum>
			<Maximum>30</Maximum>
			<Value>
				<Simvar name="FUEL RIGHT QUANTITY" unit="gallons"/>
			</Value>
			<Value2>
				<Simvar name="FUEL LEFT QUANTITY" unit="gallons"/>
			</Value2>
			<ColorZone>
				<Color>red</Color>
				<Begin>0</Begin>
				<End>1.5</End>
			</ColorZone>
			<ColorZone>
				<Color>yellow</Color>
				<Begin>1.5</Begin>
				<End>5</End>
			</ColorZone>
			<ColorZone>
				<Color>green</Color>
				<Begin>5</Begin>
				<End>24</End>
			</ColorZone>
			<GraduationLength text="True">10</GraduationLength>
			<EndText>F</EndText>
		</Gauge>
	  
		<Text>
			<Left>ENG HRS</Left>
			<Right id="Piston_EngineHours">
				<ToFixed precision="1">
					<Simvar name="GENERAL ENG ELAPSED TIME:1" unit="hour"/>
				</ToFixed>
			</Right>
		</Text>
	  
		<Header>
			<Text>ELECTRICAL</Text>
		</Header>
	  
		<Text>
			<Left>M</Left>
			<Center fontsize="9">BUS</Center>
			<Right>E</Right>
		</Text>
	  
		<Text>
			<Left id="Piston_Bus_M">
				<ToFixed precision="1">
					<Simvar name="ELECTRICAL MAIN BUS VOLTAGE:3" unit="volts"/>
				</ToFixed>
			</Left>
			<Center fontsize="9">VOLTS</Center>
			<Right id="Piston_Bus_E">
				<ToFixed precision="1">
					<Simvar name="ELECTRICAL MAIN BUS VOLTAGE:6" unit="volts"/>
				</ToFixed>
			</Right>
		</Text>
		
		<Text>
			<Left>M</Left>
			<Center fontsize="9">BATT</Center>
			<Right>S</Right>
		</Text>
	  
		<Text>
			<Left id="Piston_Batt_M">
				<ToFixed precision="0">
					<Substract>
						<Constant>0</Constant>
						<Simvar name="ELECTRICAL BATTERY LOAD:1" unit="amperes"/>
					</Substract>
				</ToFixed>
			</Left>
			<Center fontsize="9">AMPS</Center>
			<Right id="Piston_Batt_S">
				<ToFixed precision="0">
					<Substract>
						<Constant>0</Constant>
						<Simvar name="ELECTRICAL BATTERY LOAD:2" unit="amperes"/>
					</Substract>
				</ToFixed>
			</Right>
		</Text>
	  
	</EngineDisplay>

	<!-- Engine Display Lean -->

	<EngineDisplayLean>
	
		 <Gauge>
			<Type>Circular</Type>
			<ID>Piston_RPMGauge</ID>
			<Style>
				<TextIncrement>10</TextIncrement>
				<ForceTextColor>white</ForceTextColor>
			</Style>
			<Title></Title>
			<Unit>RPM</Unit>
			<Minimum>0</Minimum>
			<Maximum>3000</Maximum>
			<Value>
				<Simvar name="PROP RPM:1" unit="rpm"/>
			</Value>
			<ColorZone>
				<Color>white</Color>
				<Begin>0</Begin>
				<End>3000</End>
			</ColorZone>
			<ColorZone>
				<Color>green</Color>
				<Begin>2100</Begin>
				<End>
					<StateMachine>
						<State id="LowAlt" value="2500">
							<Transition to="MedAlt">
								<Greater>
									<Simvar name="INDICATED ALTITUDE" unit="feet"/>
									<Constant>5000</Constant>
								</Greater>
							</Transition>
						</State>
						<State id="MedAlt" value="2600">
							<Transition to="LowAlt">
								<Lower>
									<Simvar name="INDICATED ALTITUDE" unit="feet"/>
									<Constant>4900</Constant>
								</Lower>
							</Transition>
							<Transition to="HighAlt">
								<Greater>
									<Simvar name="INDICATED ALTITUDE" unit="feet"/>
									<Constant>10000</Constant>
								</Greater>
							</Transition>
						</State>
						<State id="HighAlt" value="2700">
							<Transition to="MedAlt">
								<Lower>
									<Simvar name="INDICATED ALTITUDE" unit="feet"/>
									<Constant>9900</Constant>
								</Lower>
							</Transition>
						</State>
					</StateMachine>
				</End>
			</ColorZone>
			<ColorZone>
				<Color>red</Color>
				<Begin>2700</Begin>
				<End>3000</End>
			</ColorZone>
			<RedBlink>
				<Greater>
					<Simvar name="PROP RPM:1" unit="rpm"/>
					<Constant>2770</Constant>
				</Greater>
			</RedBlink>
		</Gauge>

		<Text>
			<Left fontsize="8"> </Left>
		</Text> 

        <ColumnsGauge>
            <Minimum>0</Minimum>
		    <Maximum>1650</Maximum>
            <Title>EGT °F</Title>
            <Column><Simvar name="ENG EXHAUST GAS TEMPERATURE:1" unit="fahrenheit"/></Column>
            <Column><Multiply><Simvar name="ENG EXHAUST GAS TEMPERATURE:1" unit="fahrenheit"/><Constant>0.95</Constant></Multiply></Column>
            <Column><Multiply><Simvar name="ENG EXHAUST GAS TEMPERATURE:1" unit="fahrenheit"/><Constant>0.98</Constant></Multiply></Column>
            <Column><Multiply><Simvar name="ENG EXHAUST GAS TEMPERATURE:1" unit="fahrenheit"/><Constant>0.93</Constant></Multiply></Column>
            <Type>EGT</Type>
        </ColumnsGauge>
		
		<Text>
			<Left fontsize="16"> </Left>
		</Text> 
		
        <ColumnsGauge>
            <Minimum>212</Minimum>
		    <Maximum>518</Maximum>
            <RedLine>500</RedLine>
            <Title>CHT °F</Title>
            <Column><Simvar name="ENG CYLINDER HEAD TEMPERATURE:1" unit="fahrenheit"/></Column>
            <Column><Multiply><Simvar name="ENG CYLINDER HEAD TEMPERATURE:1" unit="fahrenheit"/><Constant>0.95</Constant></Multiply></Column>
            <Column><Multiply><Simvar name="ENG CYLINDER HEAD TEMPERATURE:1" unit="fahrenheit"/><Constant>0.98</Constant></Multiply></Column>
            <Column><Multiply><Simvar name="ENG CYLINDER HEAD TEMPERATURE:1" unit="fahrenheit"/><Constant>0.93</Constant></Multiply></Column>
            <Type>CHT</Type>
        </ColumnsGauge>

		<Text>
			<Left fontsize="8"> </Left>
		</Text> 

		<Text>
			<Left fontsize="9">FFLOW GPH</Left>			
			<Right fontsize="9">
				<ToFixed precision="1">
					<Simvar name="ENG FUEL FLOW GPH:1" unit="gallons per hour"/>
				</ToFixed>
			</Right>
		</Text>

		<Text>
			<Left fontsize="8"> </Left>
		</Text> 

		<Gauge>
			<Type>DoubleHorizontal</Type>
			<ID>Piston_FUELGauge</ID>
			<Title>FUEL QTY</Title>
			<Unit>GAL</Unit>
			<CursorText>R</CursorText>
			<CursorText2>L</CursorText2>
			<Minimum>0</Minimum>
			<Maximum>30</Maximum>
			<Value>
				<Simvar name="FUEL RIGHT QUANTITY" unit="gallons"/>
			</Value>
			<Value2>
				<Simvar name="FUEL LEFT QUANTITY" unit="gallons"/>
			</Value2>
			<ColorZone>
				<Color>red</Color>
				<Begin>0</Begin>
				<End>1.5</End>
			</ColorZone>
			<ColorZone>
				<Color>yellow</Color>
				<Begin>1.5</Begin>
				<End>5</End>
			</ColorZone>
			<ColorZone>
				<Color>green</Color>
				<Begin>5</Begin>
				<End>24</End>
			</ColorZone>
			<GraduationLength text="True">10</GraduationLength>
			<EndText>F</EndText>
		</Gauge>

	</EngineDisplayLean>
	
	<!-- Engine Display System -->

	<EngineDisplaySystem>
	
		 <Gauge>
			<Type>Circular</Type>
			<ID>Piston_RPMGauge</ID>
			<Style>
				<TextIncrement>10</TextIncrement>
				<ForceTextColor>white</ForceTextColor>
			</Style>
			<Title></Title>
			<Unit>RPM</Unit>
			<Minimum>0</Minimum>
			<Maximum>3000</Maximum>
			<Value>
				<Simvar name="PROP RPM:1" unit="rpm"/>
			</Value>
			<ColorZone>
				<Color>white</Color>
				<Begin>0</Begin>
				<End>3000</End>
			</ColorZone>
			<ColorZone>
				<Color>green</Color>
				<Begin>2100</Begin>
				<End>
					<StateMachine>
						<State id="LowAlt" value="2500">
							<Transition to="MedAlt">
								<Greater>
									<Simvar name="INDICATED ALTITUDE" unit="feet"/>
									<Constant>5000</Constant>
								</Greater>
							</Transition>
						</State>
						<State id="MedAlt" value="2600">
							<Transition to="LowAlt">
								<Lower>
									<Simvar name="INDICATED ALTITUDE" unit="feet"/>
									<Constant>4900</Constant>
								</Lower>
							</Transition>
							<Transition to="HighAlt">
								<Greater>
									<Simvar name="INDICATED ALTITUDE" unit="feet"/>
									<Constant>10000</Constant>
								</Greater>
							</Transition>
						</State>
						<State id="HighAlt" value="2700">
							<Transition to="MedAlt">
								<Lower>
									<Simvar name="INDICATED ALTITUDE" unit="feet"/>
									<Constant>9900</Constant>
								</Lower>
							</Transition>
						</State>
					</StateMachine>
				</End>
			</ColorZone>
			<ColorZone>
				<Color>red</Color>
				<Begin>2700</Begin>
				<End>3000</End>
			</ColorZone>
			<RedBlink>
				<Greater>
					<Simvar name="PROP RPM:1" unit="rpm"/>
					<Constant>2770</Constant>
				</Greater>
			</RedBlink>
		</Gauge>

		<Text>
			<Left fontsize="24"> </Left>
		</Text> 

		<Text>
			<Left fontsize="9">OIL PSI</Left>			
			<Right fontsize="9">
				<ToFixed precision="1">
					<Simvar name="ENG OIL PRESSURE:1" unit="psi"/>
				</ToFixed>
			</Right>
		</Text>
		
		<Text>
			<Left fontsize="9">OIL °F</Left>			
			<Right fontsize="9">
				<ToFixed precision="0">
					<Simvar name="ENG OIL TEMPERATURE:1" unit="fahrenheit"/>
				</ToFixed>
			</Right>
		</Text>
		
		<Text>
			<Left fontsize="10"> </Left>
		</Text>  
		<Header>
			<Text>FUEL CALC</Text>
		</Header>
		
		<Text>
			<Left fontsize="9">FFLOW GPH</Left>			
			<Right fontsize="9">
				<ToFixed precision="1">
					<Simvar name="ENG FUEL FLOW GPH:1" unit="gallons per hour"/>
				</ToFixed>
			</Right>
		</Text>
		
		<Text>
			<Left fontsize="9">GAL USED</Left>			
			<Right fontsize="9">
				<ToFixed precision="1">
					<Substract>
						<MaxSinceStart>
							<Simvar name="FUEL TOTAL QUANTITY:1" unit="gallon"/>
						</MaxSinceStart>
						<Simvar name="FUEL TOTAL QUANTITY:1" unit="gallon"/>
					</Substract>
				</ToFixed>
			</Right>
		</Text>
		
		<Text>
			<Left fontsize="9">GAL REM</Left>			
			<Right fontsize="9">
				<ToFixed precision="1">
					<Simvar name="FUEL TOTAL QUANTITY:1" unit="gallon"/>
				</ToFixed>
			</Right>
		</Text>
		
		<Text>
			<Left fontsize="12"> </Left>
		</Text> 
		<Gauge>
			<Type>DoubleHorizontal</Type>
			<ID>Piston_FUELGauge</ID>
			<Title>FUEL QTY</Title>
			<Unit>GAL</Unit>
			<CursorText>R</CursorText>
			<CursorText2>L</CursorText2>
			<Minimum>0</Minimum>
			<Maximum>30</Maximum>
			<Value>
				<Simvar name="FUEL RIGHT QUANTITY" unit="gallons"/>
			</Value>
			<Value2>
				<Simvar name="FUEL LEFT QUANTITY" unit="gallons"/>
			</Value2>
			<ColorZone>
				<Color>red</Color>
				<Begin>0</Begin>
				<End>1.5</End>
			</ColorZone>
			<ColorZone>
				<Color>yellow</Color>
				<Begin>1.5</Begin>
				<End>5</End>
			</ColorZone>
			<ColorZone>
				<Color>green</Color>
				<Begin>5</Begin>
				<End>24</End>
			</ColorZone>
			<GraduationLength text="True">10</GraduationLength>
			<EndText>F</EndText>
		</Gauge>
	
<!--	<Text>
			<Left fontsize="8">ENDUR</Left>			
			<Right fontsize="8">
				<Duration>
					<Multiply>					
						<Divide>
							<Simvar name="FUEL TOTAL QUANTITY:1" unit="gallon"/>
							<Simvar name="ENG FUEL FLOW GPH:1" unit="gallons per hour"/>
						</Divide>
						<Constant>3600</Constant>						
					</Multiply>
				</Duration>
			</Right>
		</Text>
		
		<Text>
			<Left fontsize="8">RANGE NM</Left>			
			<Right fontsize="8">
                <If>
                    <Condition>
                        <Greater>
                            <Simvar name="ENG FUEL FLOW GPH:1" unit="gallons per hour"/>
                            <Constant>0.1</Constant>
                        </Greater>
                    </Condition>
                    <Then>
                        <ToFixed precision="0">
                            <Multiply>
                                <Simvar name="GROUND VELOCITY:1" unit="knots"/>
                                <Divide>
                                    <Simvar name="FUEL TOTAL QUANTITY:1" unit="gallon"/>
                                    <Simvar name="ENG FUEL FLOW GPH:1" unit="gallons per hour"/>
                                </Divide>
                            </Multiply>
                        </ToFixed>
                    </Then>
                    <Else>
                        <Constant>X</Constant>
                    </Else>
                </If>
			</Right>
		</Text>-->
		
		<Text>
			<Left fontsize="10"> </Left>
		</Text> 
		
		<Header>
			<Text>ELECTRICAL</Text>
		</Header>
	  
		<Text>
			<Left>M</Left>
			<Center fontsize="9">BUS</Center>
			<Right>E</Right>
		</Text>
	  
		<Text>
			<Left id="Piston_Bus_M">
				<ToFixed precision="1">
					<Simvar name="ELECTRICAL MAIN BUS VOLTAGE:3" unit="volts"/>
				</ToFixed>
			</Left>
			<Center fontsize="9">VOLTS</Center>
			<Right id="Piston_Bus_E">
				<ToFixed precision="1">
					<Simvar name="ELECTRICAL MAIN BUS VOLTAGE:6" unit="volts"/>
				</ToFixed>
			</Right>
		</Text>
		
		<Text>
			<Left>M</Left>
			<Center fontsize="9">BATT</Center>
			<Right>S</Right>
		</Text>
	  
		<Text>
			<Left id="Piston_Batt_M">
				<ToFixed precision="0">
					<Substract>
						<Constant>0</Constant>
						<Simvar name="ELECTRICAL BATTERY LOAD:1" unit="amperes"/>
					</Substract>
				</ToFixed>
			</Left>
			<Center fontsize="9">AMPS</Center>
			<Right id="Piston_Batt_S">
				<ToFixed precision="0">
					<Substract>
						<Constant>0</Constant>
						<Simvar name="ELECTRICAL BATTERY LOAD:2" unit="amperes"/>
					</Substract>
				</ToFixed>
			</Right>
		</Text>
	  
	</EngineDisplaySystem>

</WTEngineDisplay>